Name,SteamID64,ProfileURL
22VIBES27,76561199133792196,https://steamcommunity.com/profiles/76561199133792196
GATO,76561199345182643,https://steamcommunity.com/profiles/76561199345182643
AIMJANTIXRICT,76561199049948964,https://steamcommunity.com/profiles/76561199049948964
ERLINGS,76561198802944969,https://steamcommunity.com/profiles/76561198802944969
4AIDENOID5000,76561199213368640,https://steamcommunity.com/profiles/76561199213368640
ALLROADSLEADTOOFFLINES,76561199816187595,https://steamcommunity.com/profiles/76561199816187595
AZIZ,76561199166652683,https://steamcommunity.com/profiles/76561199166652683
sBRYANUCHIHA,76561199530935601,https://steamcommunity.com/profiles/76561199530935601
CENTKOWANYKOT_Xt,76561199454729906,https://steamcommunity.com/profiles/76561199454729906
COMATOSEEEE,76561199465771277,https://steamcommunity.com/profiles/76561199465771277
DARKNLES,76561199006545734,https://steamcommunity.com/profiles/76561199006545734
DEGENERATEGAMBLER,76561199321306884,https://steamcommunity.com/profiles/76561199321306884
DREAMERBANDIT,76561198775626824,https://steamcommunity.com/profiles/76561198775626824
jEKMEKSIZKOFTE,76561199148095410,https://steamcommunity.com/profiles/76561199148095410
EZGOGAME,76561198336024802,https://steamcommunity.com/profiles/76561198336024802
FROSTBITE,76561199207957959,https://steamcommunity.com/profiles/76561199207957959
GREASYMONKEY77,76561198084205259,https://steamcommunity.com/profiles/76561198084205259
HALFCORRECT,76561198860171234,https://steamcommunity.com/profiles/76561198860171234
ELMORDJENE,76561199122237316,https://steamcommunity.com/profiles/76561199122237316
FROSTBITE,76561199579152023,https://steamcommunity.com/profiles/76561199579152023
_JOERUSTALOZZI,76561199871619211,https://steamcommunity.com/profiles/76561199871619211
KUBATOTUZSUBAT,76561198951212979,https://steamcommunity.com/profiles/76561198951212979
LIMANGALISANI,76561198395380329,https://steamcommunity.com/profiles/76561198395380329
MCLOVIN276,76561199405859009,https://steamcommunity.com/profiles/76561199405859009
aaNEXIL,76561199853173024,https://steamcommunity.com/profiles/76561199853173024
OLIOLOGIXRUSTYLOt,76561199104670862,https://steamcommunity.com/profiles/76561199104670862
NUF-NUF,76561199108584652,https://steamcommunity.com/profiles/76561199108584652
FjPATRON,76561198886978667,https://steamcommunity.com/profiles/76561198886978667
PIGEONKID,76561199864465559,https://steamcommunity.com/profiles/76561199864465559
PROKILLER3000MONSTERKIL,76561197968606961,https://steamcommunity.com/profiles/76561197968606961
IMl,76561199223798833,https://steamcommunity.com/profiles/76561199223798833
SCRUMPPP,76561198151472309,https://steamcommunity.com/profiles/76561198151472309
__SILKYCAULK,76561199083110925,https://steamcommunity.com/profiles/76561199083110925
__SNOWMERS,76561199581508304,https://steamcommunity.com/profiles/76561199581508304
TENSHI_YURI,76561199853583949,https://steamcommunity.com/profiles/76561199853583949
Ph87TRISTIANTATE,76561198418056712,https://steamcommunity.com/profiles/76561198418056712
_SNOWMERS,76561199581508394,https://steamcommunity.com/profiles/76561199581508394
-VLADUT7,76561198818361972,https://steamcommunity.com/profiles/76561198818361972
ZXCKAKASHKA,76561199548623464,https://steamcommunity.com/profiles/76561199548623464
MMJIAHAXAMETOBA,76561199170590699,https://steamcommunity.com/profiles/76561199170590699
TENSHI_YURI,76561199853583049,https://steamcommunity.com/profiles/76561199853583049
KUBATOTUZSUBAT,76561199690053148,https://steamcommunity.com/profiles/76561199690053148
ALLROADSLEADTOOFFLINES,76561199609524366,https://steamcommunity.com/profiles/76561199609524366
AIMJANTIXRICT,76561199508401539,https://steamcommunity.com/profiles/76561199508401539
